{
	"bonus": {
    		"start": 0,
    		"stop": 0,
    		"exon": 0.984039105853279,
    		"ep": 0.591798314265034,
    		"ass": 0,
    		"dss": 0,
    		"intron": 0.345740872121414,
    		"no_hints": 0.0508571963066398
	},
	"punishment": {
		"start": 0,
		"stop": 0,
		"exon": 0.00789103015557974,
		"ep": 0.336657276394135,
		"ass": 0,
		"dss": 0,
		"intron": 0.167286925751937
	}
}
