{
  "bonus": {
    "start": 0,
    "stop": 0,
    "exon": 0.907664453832227,
    "ep": 0.572003874896208,
    "ass": 0.314285714285714,
    "dss": 0.32,
    "intron": 0.298933528122717,
    "no_hints": 0.284573758159625
  },
  "punishment": {
	  "start": 1,
		"stop": 1,
		"exon": 1,
		"ep": 1,
		"ass": 1,
		"dss": 1,
		"intron": 1
	}
}
